{
  "mode": "live",
  "input_image": "img2.png",
  "output_directory": "output",
  
  "camera": {
    "device": "/dev/video0",
    "width": 1640,
    "height": 1232,
    "sensor_mode": -1,
    "enable_scaling": true,
    "scaled_width": 820,
    "scaled_height": 616,
    "fps": 41,
    "autofocus_mode": "manual",
    "lens_position": 61,
    "awb_mode": "custom",
    "awb_gain_red": 1.3790020942687988,
    "awb_gain_blue": 1.651580810546875,
    "awb_temperature": 4315,
    "analogue_gain": 4.196721076965332,
    "digital_gain": 1.0013396739959717,
    "exposure_time": 33213,
    "color_correction_matrix": [
      2.1834516525268555,
      -0.6952388286590576,
      -0.48821285367012024,
      -0.7258080840110779,
      2.743297576904297,
      -1.0174930095672607,
      -0.2529396116733551,
      -0.7524590492248535,
      2.005398750305176
    ]
  },
  
  "hyperhdr": {
    "enabled": false,
    "host": "127.0.0.1",
    "port": 19400,
    "priority": 100,
    "use_linear_format": true
  },
  
  "usb": {
    "enabled": true,
    "device": "/dev/ttyUSB0",
    "baudrate": 921600
  },
  
  "led_layout": {
    "format": "hyperhdr",
    "grid": {
      "rows": 41,
      "cols": 73
    },
    "hyperhdr": {
      "top": 69,
      "bottom": 69,
      "left": 39,
      "right": 39
    }
  },
  
  "bezier_curves": {
    "left_bezier": "M182.591 246.026C72.0911 198.026 15.0911 143.026 1.09106 128.526",
    "bottom_bezier": "M182.091 245.526C285.591 255.026 369.591 256.026 487.591 250.026",
    "right_bezier": "M674.592 133.026C650.091 159.526 570.591 216.026 487.091 250.026",
    "top_bezier": "M0.591064 129.026C68.0911 36.5259 415.091 -108.474 675.091 133.526"
  },

  "bezier_settings": {
    "use_direct_bezier_curves": true,
    "bezier_samples": 50,
    "polygon_samples": 15
  },
  
  "scaling": {
    "scale_factor": 1.025,
    "offset_x": 9,
    "offset_y": -43,
    "flip_horizontal": true,
    "flip_vertical": true
  },
  
  "visualization": {
    "grid_cell_width": 60,
    "grid_cell_height": 40,
    "debug_boundary_thickness": 3,
    "debug_corner_radius": 10
  },
  
  "color_settings": {
    "show_coordinates": true,
    "coordinate_font_scale": 0.4,
    "border_thickness": 1
  },
  
  "performance": {
    "target_fps": 60,
    "enable_parallel_processing": true,
    "parallel_chunk_size": 4
  },
  
  "color_extraction": {
    "mode": "edge_slices",
    "method": "mean",
    "horizontal_coverage_percent": 5.0,
    "vertical_coverage_percent": 2.0,
    "horizontal_slices": 40,
    "vertical_slices": 20
  }
}

