{
  "mode": "live",
  "input_image": "img2.png",
  "output_directory": "output",
  
  "camera": {
    "device": "/dev/video0",
    "width": 1640,
    "height": 1232,
    "sensor_mode": -1,
    "enable_scaling": true,
    "scaled_width": 820,
    "scaled_height": 616,
    "fps": 41,
    "autofocus_mode": "manual",
    "lens_position": 664.0,
    "awb_mode": "custom",
    "awb_gain_red": 1.5456334352493286,
    "awb_gain_blue": 1.5098679065704346,
    "awb_temperature": 5264.0,
    "analogue_gain": 6.564102649688721,
    "digital_gain": 1.0207030773162842,
    "exposure_time": 33251,
    "color_correction_matrix": [
      2.2541825771331787,
      -0.7994374632835388,
      -0.4547450542449951,
      -0.6689324975013733,
      2.673513650894165,
      -1.004586100578308,
      -0.2698446810245514,
      -0.6262826919555664,
      1.8961273431777954
    ]
  },
  
  "hyperhdr": {
    "enabled": false,
    "host": "127.0.0.1",
    "port": 19400,
    "priority": 100,
    "use_linear_format": true
  },
  
  "usb": {
    "enabled": true,
    "device": "/dev/ttyUSB0",
    "baudrate": 921600
  },
  
  "led_layout": {
    "format": "hyperhdr",
    "grid": {
      "rows": 41,
      "cols": 73
    },
    "hyperhdr": {
      "top": 69,
      "bottom": 69,
      "left": 39,
      "right": 39
    }
  },
  
  "bezier_curves": {
    "left_bezier": "M0.541992 114.618C41.042 81.6184 126.042 28.6184 191.542 3.61841",
    "bottom_bezier": "M0.541992 115.118C98.542 223.118 421.542 342.118 684.042 115.118",
    "right_bezier": "M488.542 3.61841C571.542 32.6184 635.542 70.1184 684.542 114.618",
    "top_bezier": "M191.542 3.61847C270.542 -1.38159 376.042 1.11842 488.542 3.61837"
  },

  "bezier_settings": {
    "use_direct_bezier_curves": true,
    "bezier_samples": 50,
    "polygon_samples": 15
  },
  
  "scaling": {
    "scale_factor": 1,
    "offset_x": -14,
    "offset_y": -52
  },
  
  "visualization": {
    "grid_cell_width": 60,
    "grid_cell_height": 40,
    "debug_boundary_thickness": 3,
    "debug_corner_radius": 10
  },
  
  "color_settings": {
    "show_coordinates": true,
    "coordinate_font_scale": 0.4,
    "border_thickness": 1
  },
  
  "performance": {
    "target_fps": 60,
    "enable_parallel_processing": true,
    "parallel_chunk_size": 4
  },
  
  "color_extraction": {
    "mode": "edge_slices",
    "method": "dominant",
    "horizontal_coverage_percent": 30.0,
    "vertical_coverage_percent": 25.0,
    "horizontal_slices": 20,
    "vertical_slices": 10
  }
}

