{
  "mode": "live",
  "input_image": "img2.png",
  "output_directory": "output",
  
  "camera": {
    "device": "/dev/video0",
    "width": 1640,
    "height": 1232,
    "sensor_mode": -1,
    "enable_scaling": true,
    "scaled_width": 820,
    "scaled_height": 616,
    "fps": 41,
    "autofocus_mode": "manual",
    "lens_position": 1064,
    "awb_mode": "custom",
    "awb_gain_red": 1.145017385482788,
    "awb_gain_blue": 2.054133892059326,
    "awb_temperature": 3323,
    "analogue_gain": 7.529411792755127,
    "digital_gain": 1.0005580186843872,
    "exposure_time": 33213,
    "color_correction_matrix": [
      2.222888708114624,
      -0.6109947562217712,
      -0.6118983030319214,
      -0.7741405963897705,
      2.6561882495880127,
      -0.8820375800132751,
      -0.25701624155044556,
      -1.1246840953826904,
      2.3816959857940674
    ],
    "ae_state": 0,
    "frame_duration": 33326,
    "lux": 50.08543014526367,
    "scaler_crop": [0, 0, 3280, 2464],
    "sensor_black_levels": [4096, 4096, 4096, 4096]
  },
  
  "hyperhdr": {
    "enabled": false,
    "host": "127.0.0.1",
    "port": 19400,
    "priority": 100,
    "use_linear_format": true
  },
  
  "usb": {
    "enabled": true,
    "device": "/dev/ttyUSB0",
    "baudrate": 921600
  },
  
  "led_layout": {
    "format": "hyperhdr",
    "grid": {
      "rows": 41,
      "cols": 73
    },
    "hyperhdr": {
      "top": 69,
      "bottom": 69,
      "left": 39,
      "right": 39
    }
  },
  
  "bezier_curves": {
    "left_bezier": "M182.591 246.026C72.0911 198.026 15.0911 143.026 1.09106 128.526",
    "bottom_bezier": "M182.091 245.526C285.591 255.026 369.591 256.026 487.591 250.026",
    "right_bezier": "M674.592 133.026C650.091 159.526 570.591 216.026 487.091 250.026",
    "top_bezier": "M0.591064 129.026C68.0911 36.5259 415.091 -108.474 675.091 133.526"
  },

  "bezier_settings": {
    "use_direct_bezier_curves": true,
    "bezier_samples": 50,
    "polygon_samples": 15
  },
  
  "scaling": {
    "scale_factor": 1.025,
    "offset_x": 9,
    "offset_y": -43,
    "flip_horizontal": true,
    "flip_vertical": true
  },
  
  "visualization": {
    "grid_cell_width": 60,
    "grid_cell_height": 40,
    "debug_boundary_thickness": 3,
    "debug_corner_radius": 10
  },
  
  "color_settings": {
    "show_coordinates": true,
    "coordinate_font_scale": 0.4,
    "border_thickness": 1
  },
  
  "performance": {
    "target_fps": 60,
    "enable_parallel_processing": true,
    "parallel_chunk_size": 4
  },
  
  "color_extraction": {
    "mode": "edge_slices",
    "method": "mean",
    "horizontal_coverage_percent": 5.0,
    "vertical_coverage_percent": 2.0,
    "horizontal_slices": 40,
    "vertical_slices": 20
  },
  
  "gamma_correction": {
    "enabled": true,
    "top_left": {
      "gamma_red": 2.0,
      "gamma_green": 2.0,
      "gamma_blue": 0.6
    },
    "top_right": {
      "gamma_red": 2.0,
      "gamma_green": 2.0,
      "gamma_blue": 0.6
    },
    "bottom_left": {
      "gamma_red": 2.0,
      "gamma_green": 2.0,
      "gamma_blue": 0.6
    },
    "bottom_right": {
      "gamma_red": 2.0,
      "gamma_green": 2.0,
      "gamma_blue": 0.6
    }
  }
}

