{
  "mode": "live",
  "input_image": "img2.png",
  "output_directory": "output",
  
  "camera": {
    "device": "/dev/video0",
    "width": 1640,
    "height": 1232,
    "sensor_mode": -1,
    "enable_scaling": true,
    "scaled_width": 820,
    "scaled_height": 616,
    "fps": 41,
    "autofocus_mode": "manual",
    "lens_position": 664.0,
    "awb_mode": "custom",
    "awb_gain_red": 1.5456334352493286,
    "awb_gain_blue": 1.5098679065704346,
    "awb_temperature": 5264.0,
    "analogue_gain": 6.564102649688721,
    "digital_gain": 1.0207030773162842,
    "exposure_time": 33251,
    "color_correction_matrix": [
      2.2541825771331787,
      -0.7994374632835388,
      -0.4547450542449951,
      -0.6689324975013733,
      2.673513650894165,
      -1.004586100578308,
      -0.2698446810245514,
      -0.6262826919555664,
      1.8961273431777954
    ]
  },
  
  "hyperhdr": {
    "enabled": false,
    "host": "127.0.0.1",
    "port": 19400,
    "priority": 100,
    "use_linear_format": true
  },
  
  "usb": {
    "enabled": true,
    "device": "/dev/ttyUSB0",
    "baudrate": 921600
  },
  
  "led_layout": {
    "format": "hyperhdr",
    "grid": {
      "rows": 41,
      "cols": 73
    },
    "hyperhdr": {
      "top": 69,
      "bottom": 69,
      "left": 39,
      "right": 39
    }
  },
  
  "bezier_curves": {
    "left_bezier": "M 55.1219 334.39 C 60.7317 264.146 146.585 165.366 203.902 127.073",
    "bottom_bezier": "M 55.1219 333.171 C 219.268 432.683 549.268 428.293 719.512 314.634",
    "right_bezier": "M 566.098 122.927 C 632.927 169.512 680.976 230.732 719.024 314.634",
    "top_bezier": "M 203.902 127.073 C 287.561 97.8049 452.195 80.4878 567.561 123.902"
  },

  "bezier_settings": {
    "use_direct_bezier_curves": true,
    "bezier_samples": 50,
    "polygon_samples": 15
  },
  
  "scaling": {
    "scale_factor": 1,
    "offset_x": -20,
    "offset_y": -72
  },
  
  "visualization": {
    "grid_cell_width": 60,
    "grid_cell_height": 40,
    "debug_boundary_thickness": 3,
    "debug_corner_radius": 10
  },
  
  "color_settings": {
    "show_coordinates": true,
    "coordinate_font_scale": 0.4,
    "border_thickness": 1
  },
  
  "performance": {
    "target_fps": 60,
    "enable_parallel_processing": true,
    "parallel_chunk_size": 4
  },
  
  "color_extraction": {
    "mode": "edge_slices",
    "horizontal_coverage_percent": 20.0,
    "vertical_coverage_percent": 35.0,
    "horizontal_slices": 20,
    "vertical_slices": 10
  }
}

